<?xml version="1.0" encoding="UTF-8"?>
<!-- Configures the Camel Context-->

<beans xmlns="http://www.springframework.org/schema/beans"
       xmlns:xsi="http://www.w3.org/2001/XMLSchema-instance"
       xmlns:camel="http://camel.apache.org/schema/spring"
       xsi:schemaLocation="
       http://www.springframework.org/schema/beans http://www.springframework.org/schema/beans/spring-beans.xsd
       http://camel.apache.org/schema/spring http://camel.apache.org/schema/spring/camel-spring.xsd">

  <camel:camelContext xmlns="http://camel.apache.org/schema/spring">
    <!-- here is a sample which processes the input files
         (leaving them in place - see the 'noop' flag)
         then performs content based routing on the message using XPath -->
         
   <!-- <camel:routeBuilder ref="testRoute"/> -->
   <route>
    <from uri="file:src/data?fileName=test.txt&amp;delete=true" />
    <bean ref="fileReadWriteProcessor" />
   	   	
   	<log message="${body}" />
   	<to uri="file:src/output?fileName=${date:now:yyyyMMdd}.txt" />
   </route>
  </camel:camelContext>

<bean id="fileReadWriteProcessor" class="com.company.camel.file.FileReadWriteProcessor"/>

</beans>
